-- phpMyAdmin SQL Dump
-- version 3.2.2.1deb1
-- http://www.phpmyadmin.net
--
-- Serveur: localhost
-- Généré le : Ven 20 Décembre 2024 à 17:30
-- Version du serveur: 5.0.83
-- Version de PHP: 5.2.10-2ubuntu6.10

SET SQL_MODE="NO_AUTO_VALUE_ON_ZERO";
--
-- Base de données: `cuejruraux2024`
--

-- --------------------------------------------------------

--
-- Structure de la table `article`
--

CREATE TABLE IF NOT EXISTS `article` (
  `id_article` int(11) NOT NULL auto_increment,
  `titre` varchar(60) NOT NULL,
  `chapo` text NOT NULL,
  `auteur` varchar(20) NOT NULL,
  `image` varchar(60) NOT NULL,
  `alt` varchar(60) NOT NULL,
  `ordre` int(11) NOT NULL,
  `id_chapitre` int(11) NOT NULL,
  PRIMARY KEY  (`id_article`),
  KEY `id_chapitre` (`id_chapitre`)
) ENGINE=InnoDB  DEFAULT CHARSET=latin1 AUTO_INCREMENT=16 ;

--
-- Contenu de la table `article`
--

INSERT INTO `article` (`id_article`, `titre`, `chapo`, `auteur`, `image`, `alt`, `ordre`, `id_chapitre`) VALUES
(3, 'Municipalité, ruralité, solidarité', 'Article de Lucie Campoy\r\nPhotos de Lucie Campoy\r\nVidéo d''Almamy Sané ', 'Lucie Campoy et Alma', '67652caea77923.09728939.jpg', '', 0, 2),
(4, 'Le syndicat dans la bergerie', 'Article de François Bertrand et Tristan Vanuxem\r\nInfographie d''Océane Cardot\r\n', '', '67653360007384.14122927.jpg', '', 0, 3),
(5, 'Aux Andelys, le vertige du vide industriel', 'Article de Yanis Drouin\r\nPhotos de Yanis Drouin\r\nPodcast d''Arthur Guillamo', '', '67645bb45e2fe9.64509070.jpg', '', 0, 3),
(6, 'Les marchand·es de proximité accommodent la ruralité', 'Article de Louise Pointin, \r\nPhotos de Louise Pointin\r\nVidéo de Chantal Ried et Jules Schnitzler', '', '67654d7b1f1983.02285923.jpg', '', 0, 2),
(7, 'Article 8', 'cfgvbhnj,', '', '', '', 1, 4),
(8, 'Article 5', 'vgvvgvgvgv', '', '', '', 2, 4),
(9, 'Société confisque l’AOP', 'Article de Gustave Pinard et Ismérie Vergne\r\nInfographies d''Amanda Marmillod \r\nPhotos d''Ismérie Vergne ', '', '67653323e2c585.53475081.jpg', '', 0, 1),
(10, 'Mon dialecte, ma bataille', 'Vidéo de Loïc Michels et Élise Walle', '', '676573b9d737c3.83686388.jpg', '', 0, 1),
(11, 'À Plessé, les tiers-lieux en plein coeur', 'Article de Liza Hervy-Marquer\r\nPhotos de Liza Hervy-Marquer \r\nVidéo de Leyla Sobler', '', '67653c7607f491.38989772.jpg', '', 0, 2),
(12, 'Art en Sort, la culture bouillonne', 'Photos et podcast de Marie Starecki', '', '67658a60a07a68.91164350.jpg', '', 0, 2),
(13, 'Les agris cultivent le féminisme', 'Podcast de Léa Bouquet\r\nVidéo de Garance Caillet', '', '67659950f13483.66612245.jpg', '', 0, 3),
(14, 'Les chantiers de la colère', 'Infographie de Océane Cardot\r\nPhotos de Camille Fraioli et Lya Roisin-Pillot\r\nPodcast de Lya Roisin-Pillot\r\nVidéo de Camille Fraioli et Aurore Ployer', '', '676557ed0747b2.06994832.jpg', '', 0, 1),
(15, 'CPNT : contre le déni de ruralité', 'Podcast de Yves Poulain', '', '67659036556bd7.73266165.jpg', '', 0, 1);

-- --------------------------------------------------------

--
-- Structure de la table `bloc`
--

CREATE TABLE IF NOT EXISTS `bloc` (
  `id` int(11) NOT NULL auto_increment,
  `type` varchar(60) NOT NULL,
  `texte` text,
  `texte_1` varchar(255) default NULL,
  `texte_2` varchar(255) default NULL,
  `texte_3` varchar(255) default NULL,
  `texte_4` varchar(255) default NULL,
  `texte_titre` varchar(255) default NULL,
  `texte_citation` varchar(255) default NULL,
  `texte_legende` varchar(255) default NULL,
  `texte_credit` varchar(255) default NULL,
  `style` varchar(60) default NULL,
  `image` varchar(60) default NULL,
  `image_1` varchar(60) default NULL,
  `image_2` varchar(60) default NULL,
  `image_3` varchar(60) default NULL,
  `image_4` varchar(60) default NULL,
  `audio` varchar(255) default NULL,
  `video` varchar(60) default NULL,
  `infographie` varchar(60) default NULL,
  `alt` varchar(60) default NULL,
  `ordre` int(11) default NULL,
  `id_article` int(11) NOT NULL,
  PRIMARY KEY  (`id`),
  KEY `id_article` (`id_article`)
) ENGINE=InnoDB  DEFAULT CHARSET=latin1 AUTO_INCREMENT=245 ;

--
-- Contenu de la table `bloc`
--

INSERT INTO `bloc` (`id`, `type`, `texte`, `texte_1`, `texte_2`, `texte_3`, `texte_4`, `texte_titre`, `texte_citation`, `texte_legende`, `texte_credit`, `style`, `image`, `image_1`, `image_2`, `image_3`, `image_4`, `audio`, `video`, `infographie`, `alt`, `ordre`, `id_article`) VALUES
(14, 'p', 'Dans les Vosges, les élu·es s’entraident face à la charge de travail et aux difficultés de mener à bien des projets. Une manière aussi de contrer leur propre isolement et celui de leurs administré·es.', '', '', '', '', '', '', '', '', 'chapo', '', '', '', '', '', '', '', NULL, '', 1, 3),
(17, 'p', 'Pour faire vivre son village, //« il faut se battre en permanence et ne rien lâcher »//. Maire de Mattaincourt, 825 habitant·es, Joris Huriot ne connaît que trop bien la machine administrative. //« Quand on dépose un dossier pour des subventions, des fois on nous dit// “votre projet n’est pas assez structurant pour le territoire”. //Mais implanter un banc ou une table dans une commune de 50 habitant·es, c’est structurant localement »//, lâche l’élu de 32 ans.', '', '', '', '', '', '', '', '', 'corp_de_texte', '', '', '', '', '', '', '', NULL, '', 2, 3),
(19, 'p', 'Laboratoire de la ruralité, les Vosges se distinguent par des expérimentations pensées par et pour les communes rurales. Créé en mai 2021, Rur’agilité rassemble maires vosgien·nes, services de l’État et associations du département. Le dispositif est notamment à l’origine du label Villages d’avenir, implanté à l’échelle nationale en décembre 2023, qui apporte aux communes de moins de 3 500 habitant·es une aide à l’ingénierie. Sur 113 demandes émanant de communes vosgiennes, 64 ont décroché le label.', '', '', '', '', '', '', '', '', 'corp_de_texte', '', '', '', '', '', '', '', NULL, '', 3, 3),
(20, 'image', '', '', '', '', '', '', '', 'Frédéric Balaud, maire de Lerrain, devant la résidence senior qui verra le jour au printemps 2025.', 'Lucie Campoy', '', '67652ca12cc399.64529200.jpg', '', '', '', '', '', '', NULL, '', 4, 3),
(21, 'p', 'Le développement de projets d’aménagement et la gestion politique au quotidien sont depuis longtemps au cœur de la logique des communautés de communes (CC). Le département des Vosges en compte dix. Lerrain, 452 habitant·es, est membre de la CC Vosges Côté Sud-Ouest qui regroupe 60 villages représentés par un·e conseiller·e au moins. Pour son maire Frédéric Balaud, //« la com’com a permis de s’ouvrir sur le monde rural. Avant l’intercommunalité, c’était un peu chacun pour soi. »// Participant aux réunions mensuelles, l’agriculteur de 61 ans s’est appuyé sur les élu·es voisin·es afin de valoriser son projet de résidence senior auprès de Villages d''avenir. La structure permettra aux personnes âgées de rester à Lerrain ou d''y emménager. //« Il nous fallait des témoignages pour savoir si les maires nous soutenaient. Ils ont tous fait des courriers pour dire qu’il y avait un gros intérêt par rapport à la Poste et à la boulangerie grâce au maintien de la population. »//', '', '', '', '', '', '', '', '', 'corp_de_texte', '', '', '', '', '', '', '', NULL, '', 5, 3),
(22, 'h5', 'Avoir plusieurs cordes à son arc', '', '', '', '', '', '', '', '', '', '', '', '', '', '', '', '', NULL, '', 6, 3),
(23, 'p', 'Véritables couteaux suisses, les élu·es en milieu rural se doivent de connaître tout le monde, de s’intéresser à tous les domaines, d’être disponibles 24 heures sur 24. Lionel Leclerc, maire de Mortagne, 181 habitant·es, est en poste depuis 2005, après avoir été conseiller dès 1995. L’ancien agent EDF multiplie les casquettes : conseiller à la communauté d’agglomération de Saint-Dié-des-Vosges, membre de plusieurs commissions à la préfecture et à l’Association des maires ruraux des Vosges, associé au plan France ruralités sur différents dossiers. //« Tout cela me permet de rencontrer du monde. Quand je vais à la préfecture, j’en profite pour aller au bureau du contrôle de légalité. À force, les gens commencent à me connaître »//, sourit l’élu de 64 ans. ', '', '', '', '', '', '', '', '', 'corp_de_texte', '', '', '', '', '', '', '', NULL, '', 7, 3),
(36, 'p', 'Lorem Ipsum is simply dummy text of the printing and typesetting industry. Lorem Ipsum has been the industry''s standard dummy text ever since the dfdffd1&amp;amp;amp;amp;nbsp;500s, when an unknown printer took a galley of type and scrambled it to make a type specimen book. It has susxcdvfbrvived not only five centuries, but also the leap into ', '', '', '', '', '', '', '', '', 'corp_de_texte', '', '', '', '', '', '', '', NULL, '', 2, 7),
(37, 'p', 'Where does it come from?ghjedrftgyhu\r\n\r\nContrary to popular belief, Lorem Ipsum is not simply random text. It has roots in a piece of classical Latin literature from 45 BC, making it over 2&amp;amp;amp;amp;nbsp;000 years old. Richard McClintock, a Latin professor at Hampden-Sydney College in Virginia, looked up one of the more obscure Latin words, consectetur, from a Lorem Ipsum passage, and going through the cites of the word in classical literature, discovered the undoubtable source. Lorem Ipsum comes from sections 1.10.32 and 1.10.33 of &amp;amp;amp;amp;quot;de Finibus Bonorum et Malorum&amp;amp;amp;amp;quot; (The Extreme', '', '', '', '', '', '', '', '', 'corp_de_texte', '', '', '', '', '', '', '', NULL, '', 4, 7),
(38, 'h3', 'saze&amp;amp;amp;amp;amp;amp;amp;amp;quot;r''t(-fghjzertcvbcfgvhbrftghfcgvhbjnfgfgfg', '', '', '', '', '', '', '', '', '', '', '', '', '', '', '', '', NULL, '', 3, 7),
(40, 'h3', 'fcgvhb', '', '', '', '', '', '', '', '', '', '', '', '', '', '', '', '', NULL, '', 1, 7),
(41, 'h2', 'cv bn,', '', '', '', '', '', '', '', '', '', '', '', '', '', '', '', '', NULL, '', 5, 7),
(42, 'h2', 'Les Vaches 2 35', '', '', '', '', '', '', '', '', '', '', '', '', '', '', '', '', NULL, '', 1, 8),
(43, 'p', '//There are many variations// of passages of Lorem Ipsum available, but the majority have suffered alteration in some form, by injected humour, //or randomised words// which don''t look even slightly believable. If you are going to use a passage of Lorem Ipsum, you need to be sure there isn''t anything embarrassing hidden in the middle of text. All the Lorem ', '', '', '', '', '', '', '', '', 'corp_de_texte', '', '', '', '', '', '', '', NULL, '', 2, 8),
(46, 'h5', 'L’entraide face aux difficultés', '', '', '', '', '', '', '', '', '', '', '', '', '', '', '', '', NULL, '', 14, 3),
(47, 'p', 'L’AMV88 propose depuis 1952 une formation chaque mois sur la gestion du stress dans l’exercice d’un mandat électoral, le droit de l’urbanisme, la recherche de financements, la gestion des conflits, la transition écologique ou encore la cybersécurité. Des réunions, du conseil juridique et un espace de discussion sur leur intranet sont aussi mis à disposition. L’association, qui regroupe 506 maires vosgien·nes sur 507, traite entre 600 et 800 questions par an. //« On vit au quotidien les aventures des mairies, //observe le président Dominique Peduzzi, également maire de Fresse-sur-Moselle et président de la CC des Ballons des Hautes-Vosges. //L’essentiel de l’entraide, de la solidarité, du partage d’expériences se passe dans les réunions. »//', '', '', '', '', '', '', '', '', 'corp_de_texte', '', '', '', '', '', '', '', NULL, '', 15, 3),
(52, 'citation', '', '', '', '', '', '', 'Je pense qu’il faut s’unir pour faire pression.', 'Frédéric Balaud, maire de Lerrain', '', '', '', '', '', '', '', '', '', NULL, '', 16, 3),
(55, 'p', 'La mobilisation prend parfois le chemin de la débrouille. Pour monter un dossier bien ficelé, éviter les pièges administratifs et réglementaires, rien ne vaut la coopération directe d’élu·e à élu·e. À Lerrain, dont la place principale réunit boulangerie, salle polyvalente et restaurant, la résidence senior sera livrée au printemps 2025. Mais un imprévu joue les trouble-fêtes. Pour des raisons fiscales, la commune ne pourra pas récupérer les 20 % du fonds de compensation de la TVA des huit logements en cours de construction, bien que le conseil municipal ait budgétisé cette somme. Un trou de 300 000 euros. Le sujet a le don d’énerver le maire Frédéric Balaud qui espère une dérogation préfectorale, unique moyen de débloquer la situation. //« Ça va poser un problème pour la suite du développement du village, nos finances ont été calées. Ce soir, il y a une réunion de com’com, on va voir si on ne peut pas monter ensemble à la préfecture// [deux autres communes sont concernées par ce souci de TVA, ndlr].// Je pense qu’il faut s’unir pour faire pression. »//', '', '', '', '', '', '', '', '', 'corp_de_texte', '', '', '', '', '', '', '', NULL, '', 17, 3),
(58, 'h5', 'S’associer pour un projet commun', '', '', '', '', '', '', '', '', '', '', '', '', '', '', '', '', NULL, '', 18, 3),
(59, 'p', 'Si la plupart des communes labellisées ont porté des projets seules, certaines ont décidé de la jouer collectif. Sept maires se mobilisent pour conserver la boulangerie de Brouvelieures, seul commerce de proximité. Le boulanger proche de la retraite cherche un·e repreneur·se, pour l’instant sans succès. La vendeuse réalise des tournées à domicile dans trois villages tous les jours, sauf le mercredi. Une micro-entreprise de livraison se charge de douze autres communes. //« On ne veut pas en arriver au dépôt de pain. Il faut penser aux personnes âgées. Des petites mamies attendent le pain comme le facteur, ce sont des moments d’échange »//, défend l’élu. L’idée est de trouver un boulanger et de l’aider à s’installer.', '', '', '', '', '', '', '', '', 'corp_de_texte', '', '', '', '', '', '', '', NULL, '', 19, 3),
(60, 'image', '', '', '', '', '', '', '', 'Le restaurant et la boulangerie de Brouvelieures sont en recherche de repreneur·ses. ', 'Lucie Campoy', '', '67652fd439d6b3.06211496.jpg', '', '', '', '', '', '', NULL, '', 20, 3),
(62, 'p', 'Réunissant près de 2 000 habitant·es, les villages de Brouvelieures, Mortagne, Belmont-sur-Buttant, Domfaing, Fremifontaine, Les Rouges-Eaux et Vervezelle ont été labellisés ensemble et l’étude commerciale devrait s’achever en janvier 2025. Du bon sens pour Lionel Leclerc. //« Porter le projet seul, c’est difficile et onéreux. Alors que là, le maire de Fremifontaine gère davantage le business avec son œil d’entrepreneur et moi, un peu foufou, j’ai les idées et un pied à la préfecture. » // Le premier édile de Mortagne se projette déjà : // «Le restaurant mitoyen est à vendre avec de potentiels repreneurs. On pourra aller chercher son croissant et boire un café à côté. » //', '', '', '', '', '', '', '', '', 'corp_de_texte', '', '', '', '', '', '', '', NULL, '', 21, 3),
(64, 'p', 'Sur les routes du Haut-Jura comme dans de nombreux secteurs ruraux, les commerçant·es ambulant·es apparaissent peu à peu comme une solution au manque de services. Mais le chemin de l’itinérance est un parcours du combattant.', '', '', '', '', '', '', '', '', 'chapo', '', '', '', '', '', '', '', NULL, '', 7, 6),
(65, 'p', 'Dans les Cévennes, six jeunes gardien·nes de troupeaux viennent de fonder en novembre 2024 un syndicat pour défendre leurs conditions de travail. De quoi tenter d’insuffler une dynamique de lutte sur ce territoire rural dominé par les exploitant·es agricoles, où les travailleur·euses du secteur doivent très souvent composer avec l’isolement.', '', '', '', '', '', '', '', '', 'chapo', '', '', '', '', '', '', '', NULL, '', 3, 4),
(66, 'p', 'Le poing levé, les doigts refermés sur une canne de berger. Le logo du Syndicat des gardiens de troupeaux (SGT) s’affiche en grand sur un drapeau fièrement brandi par six berger·es des Cévennes. La photo publiée sur le site du syndicat le 28 novembre 2024 montre le groupe de salarié·es agricoles, tout sourire. Après Grenoble (Isère), Saint-Girons (Ariège) et Marseille (Bouches-du-Rhône), ils et elles viennent d’officialiser la création de la quatrième antenne de cette branche de la CGT-FNAF (Fédération nationale agroalimentaire et forestière) au Vigan (Gard).\r\n\r\nPour elles et eux, c’est le début d’une lutte collective inédite dans la région, avec l’espoir de pouvoir négocier leurs conditions de travail face à la FNSEA, syndicat majoritaire parmi les exploitant·es agricoles. Après plusieurs années à tenter de se battre seul·es pour leurs droits, cette ouverture représente déjà une petite victoire sur l’isolement social et géographique avec lequel ils et elles doivent composer au quotidien.', '', '', '', '', '', '', '', '', 'corp_de_texte', '', '', '', '', '', '', '', NULL, '', 4, 4),
(67, 'p', 'Quatre villages, plus de 50 kilomètres, sept heures sur la route : chaque matin, depuis septembre, David-Alexandre Seiller sillonne le Haut-Jura au volant de son épicerie itinérante, l’Happy’cerie. Dès 6 heures, il charge les produits secs, installe charcuteries, viandes et fromages dans sa vitrine réfrigérée, puis il part récupérer pains et légumes chez la boulangère et le primeur du coin.\r\n\r\n8 h 30 : première halte de sa tournée. Son circuit change chaque jour. Du lundi au vendredi, il gare son camion vert et gris dans une vingtaine de villages différents. //« C’est un peu sport mais on prend le rythme ! Ça faisait longtemps que j’avais envie de me lancer en itinérance. »// Le déclic arrive en janvier 2024, quand le Jurassien est licencié pour raison économique de son poste de commercial dans l’industrie de la lunette. ', '', '', '', '', '', '', '', '', 'corp_de_texte', '', '', '', '', '', '', '', NULL, '', 8, 6),
(68, 'h5', 'Un secteur en proie à la solitude', '', '', '', '', '', '', '', '', '', '', '', '', '', '', '', '', NULL, '', 5, 4),
(69, 'p', 'À la sortie de l’A75, les lacets du Col du Vent permettent d’admirer le plateau aride du Larzac. La route pour se rendre à La Vacquerie-et-Saint-Martin-de-Castries (Hérault) est sublime. Marion* habite ce petit village de 175 habitant·es, dans une maison en pierre dont l’architecture intérieure rappelle celle d’un dojo.\r\n\r\nLa bergère est l’une des six membres du nouveau SGT-CGT Cévennes. //« Je ressentais le besoin de me mobiliser. Je trouvais important de faire du lien car on est dans un métier dangereux et isolé »//, explique la jeune femme de 33 ans.', '', '', '', '', '', '', '', '', 'corp_de_texte', '', '', '', '', '', '', '', NULL, '', 6, 4),
(73, 'image_texte', 'Formée sur le tas, sans passer par une école de berger·es, Marion est arrivée dans la profession sans réseau ni connaissance de ses codes. Selon elle, ses patron·nes ont profité de sa crédulité. //« J’ai accepté des conditions vraiment minables. Je ne savais pas ce qui était OK et ce qui ne l’était pas. C''est un métier où les employeurs vont valoriser le fait de travailler pour pas grand-chose, dans des conditions dangereuses et de s''oublier complètement. Il y a une envie de se faire accepter dans ce milieu-là. Donc au début, on y croit »//, témoigne-t-elle.', '', '', '', '', '', '', 'Actuellement en période de repos, Marion attend son nouveau contrat d’agnelage.', 'François Bertrand', 'corp_de_texte', '676456625aed25.73896934.jpg', '', '', '', '', '', '', NULL, '', 7, 4),
(74, 'p', 'Dès qu’il a eu vent de l’aide régionale Coup de pouce rural en novembre 2024, il a appelé le chef de service développement territorial à la région Grand Est avec qui il avait travaillé au conseil départemental. //« Il m’a dit “ah vous n’êtes pas en retard, les robinets ne sont pas encore ouverts”»//, se souvient Lionel Leclerc. Il a conscience que son ancienneté est un atout pour se créer un réseau : //« Aujourd’hui, pour les nouveaux élus, c’est une usine à gaz quand il faut joindre quelqu’un. Après mon élection en 2005, le conseiller départemental a pris une journée pour me faire visiter le siège à Épinal. On a fait tous les bureaux et il m’a présenté. J’ai eu de la chance avec lui. »//', '', '', '', '', '', '', '', '', 'corp_de_texte', '', '', '', '', '', '', '', NULL, '', 10, 3),
(75, 'h3', 'Itinéraires sinueux pour les ambulant·es', '', '', '', '', '', '', '', '', '', '', '', '', '', '', '', '', NULL, '', 6, 6),
(76, 'p', 'La bergère a développé un regard critique sur ses conditions de travail au fil de ses échanges avec ses collègues. //« Au début, j''étais vraiment seule. J''ai passé plusieurs années sans connaître aucun berger. Puis je me suis posé la question : “comment travaillent les autres ?” »// Lors des estives – les pâturages d’été en montagne – Marion prend le numéro de téléphone des berger·es qu’elle rencontre, puis les contacte régulièrement : //« Tu étais à quelle estive ? Ça s''est bien passé ? Combien tu étais payé ? »//', '', '', '', '', '', '', '', '', 'corp_de_texte', '', '', '', '', '', '', '', NULL, '', 8, 4),
(77, 'image', '', '', '', '', '', '', '', '', 'Océane Cardot', '', '67656faad491d5.62632053.jpg', '', '', '', '', '', '', NULL, '', 11, 4),
(78, 'h5', '«&nbsp;Le côté social, c''est ça la partie fun&nbsp;»', '', '', '', '', '', '', '', '', '', '', '', '', '', '', '', '', NULL, '', 13, 4),
(79, 'p', 'À Saint-Jean-du-Gard, la plupart des boutiques hibernent en attendant le retour de la saison touristique. Ce mardi de décembre, Claire* et son chien sont venu·es profiter d’une après-midi ensoleillée pour faire une balade en bord du Gardon de Saint-Jean. La bergère habite un peu plus haut, non loin du bourg de 2 500 habitant·es. Syndiquée depuis deux ans en Provence-Alpes-Côtes-d’Azur (Paca), elle a été à l’initiative de l’antenne des Cévennes qui a vu le jour fin novembre, notamment pour des raisons logistiques : //« Faire cinq heures de route pour chaque réunion, même si je ne les faisais pas toutes, c''était lourd. »//\r\n\r\nPour le syndicat, qui cherche à se faire connaître des gardien·nes de troupeaux de la région, la communication de proximité est le nerf de la guerre. //« On a commencé l’édition de cartes postales. Au printemps, on organisera une rencontre avec des gardiens de troupeaux, ici, à Saint-Jean-du-Gard »//, annonce Claire.', '', '', '', '', '', '', '', '', 'corp_de_texte', '', '', '', '', '', '', '', NULL, '', 14, 4),
(80, 'image', '', '', '', '', '', '', '', 'Les Cévennes comptent 24 habitant·es au km**2**, soit quatre fois moins que la moyenne française.', 'Tristan Vanuxem', '', '676456a7311d81.03605488.jpg', '', '', '', '', '', '', NULL, '', 15, 4),
(81, 'p', 'Mais le mot « proximité » prend un tout autre sens en zone rurale. Les six membres du SGT-CGT Cévennes vivent pour la plupart à plus d’une heure de route les un·es des autres. Pour développer des projets en commun, les réseaux sociaux et les réunions virtuelles s’avèrent des solutions bien pratiques.\r\n\r\nCes salarié·es ne sont cependant pas prêt·es à se passer complètement du contact humain. //« C''est hyper précieux. Le côté social, c''est ça la partie fun. Comme on vit dans des territoires qui sont très isolés, on est super contents de se retrouver. Et ça fait du bien car quand on échange, on peut vraiment se dire qu’on vit la même chose. »//', '', '', '', '', '', '', '', '', 'corp_de_texte', '', '', '', '', '', '', '', NULL, '', 16, 4),
(82, 'h5', 'La menace d’une cible dans le dos', '', '', '', '', '', '', '', '', '', '', '', '', '', '', '', '', NULL, '', 17, 4),
(83, 'p', 'Vacher·es, berger·es, chevrier·es vont de massif en massif, au gré des contrats qu’ils et elles décrochent. Les plus chanceux·ses parviennent à se créer un réseau solide qui leur permet de travailler dans des conditions acceptables. D’autres, de peur de ne pas retrouver de troupeaux les saisons suivantes, hésitent parfois à monter au créneau. Se syndiquer, c’est se mobiliser pour défendre ses conditions de travail. Dans le cas des gardien·nes de troupeaux, c’est aussi risquer d’être marqué·e d’une croix rouge par les éleveur·euses.\r\n\r\nEn ce mois de décembre, comme souvent à cette époque de l’année, il a neigé dans l’ouest des Cévennes. Raythe Banare est installé à Meyrueis (Lozère), village perché à 700 mètres d’altitude, à environ une heure de Millau. Assis au coin du feu, ses deux borders collies à ses côtés, le berger de 30 ans se roule une cigarette. Il est de ceux et celles qui se sont joint·es à la création du SGT-CGT Cévennes, lui qui avait abandonné l’idée de se syndiquer au sein de l’antenne départementale en Paca. //« J’avais plus de cinq heures de route pour aller aux réunions. Je ne me voyais pas m''investir »//, raconte-t-il.', '', '', '', '', '', '', '', '', 'corp_de_texte', '', '', '', '', '', '', '', NULL, '', 18, 4),
(84, 'image', '', '', '', '', '', '', '', 'Diplômé d''un master en agronomie, Raythe Banare s''est reconverti en berger.', 'François Bertrand', '', '676456d53e5327.82931238.jpg', '', '', '', '', '', '', NULL, '', 19, 4),
(85, 'p', 'Avant de commencer sa carrière de berger en 2020, le Normand a été animateur pendant deux ans pour la Confédération paysanne, syndicat d’exploitant·es agricoles. De quoi affûter son regard sur les liens qui unissent les gardien·nes de troupeaux aux propriétaires de bétail. //« Tu n’es pas vraiment dans un rapport patron-salarié dans ce milieu. Parfois, tu as de la sympathie pour la personne qui t’emploie. Quand tu bosses pour des petits éleveurs, tu acceptes plus facilement de rogner sur ton salaire. »//\r\n\r\nSelon le jeune berger, les négociations individuelles sont complexes à mener. Dans les Cévennes d’autant plus, où le contrat va à celui qui réclame le moins. //« Ici, il n''y a pas beaucoup d''offres d''emploi et les éleveurs jouent là-dessus. Il y a des bergers qui n’ont pas de conscience politique, qui entretiennent le discours du patronat, celui du métier passion »//, témoigne-t-il. Revendiquer de meilleures conditions de travail est d’autant plus délicat que les berger·es se retrouvent parfois en infériorité numérique lors des négociations, certain·es exploitant·es unissant leurs troupeaux lors des estives.\r\n \r\nAvant de penser à adhérer, Raythe Banare a donc préféré s’assurer une certaine stabilité. //« Il y a des gens qui craignent de se syndiquer parce qu''ils ont peur de la réaction des éleveurs. C''est un petit milieu. Si tu te grilles, ça devient compliqué. Ça ne m''inquiète plus, car j’ai mon carnet d’adresse. »//\r\n \r\n*Les prénoms ont été modifiés.', '', '', '', '', '', '', '', '', 'corp_de_texte', '', '', '', '', '', '', '', NULL, '', 20, 4),
(91, 'p', ' //« Aujourd’hui, tout ce dont nous avons besoin au quotidien existe en camion. Mais les itinérants restent encore des acteurs méconnus,// constate Pierre-Daniel Calonne, auteur d’un manifeste pour l’itinérance en milieu rural avec l’association Mon P’tit camion. //Cela suscite une forme de méfiance et un mauvais accompagnement. »// ', '', '', '', '', '', '', '', '', 'corp_de_texte', '', '', '', '', '', '', '', NULL, '', 10, 6),
(92, 'h5', 'Des débuts tâtonnants', '', '', '', '', '', '', '', '', '', '', '', '', '', '', '', '', NULL, '', 11, 6),
(93, 'texte_image', 'Il part d’un double constat : Châtelneuf, son village, est à une quinzaine de kilomètres du premier magasin et les commerçant·es ambulant·es ont disparu. //« J’ai lancé un sondage auprès d’une cinquantaine de communes autour de chez moi pour savoir si elles aimeraient voir passer un épicier. Je me suis dit que si elles étaient partantes, je me lançais. »// Le résultat est sans appel : près de 90% des communes se montrent intéressées.', '', '', '', '', '', '', 'David-Alexandre Seiller balade son épicerie dans 20 communes différentes', 'Louise Pointin', 'corp_de_texte', '67654cee71ec27.19755583.jpg', '', '', '', '', '', '', NULL, '', 9, 6),
(94, 'p', 'De son côté, David-Alexandre Seiller a été aiguillé par la BGE, un réseau associatif d’accompagnement à la création d’entreprise. Lui aussi a appris sur le terrain. //« Les organismes d’accompagnement n’ont pas les connaissances suffisantes pour pouvoir accompagner sur la spécificité du commerce ambulant. Les commerçants vont chercher les informations ailleurs mais on ne trouve que des informations parcellaires »//, explique Pierre-Daniel Calonne.\r\n\r\nUne fois son budget et son dossier montés, David-Alexandre Seiller doit encore démarcher les différents organismes de financement. //« J’ai eu de la chance parce qu’un commerçant ambulant passait dans le village des parents de ma banquière et elle voyait que ça fonctionnait. Le réseau Initiative France// [réseau d’associations d’accompagnement des auto-entrepreneur·euses, ndlr] //était beaucoup plus réticent parce que je n’étais pas sédentaire. »//', '', '', '', '', '', '', '', '', 'corp_de_texte', '', '', '', '', '', '', '', NULL, '', 12, 6),
(95, 'p', 'Les Andelys, commune de l’Eure de 8 000 habitant·es, perdra sa dernière usine début 2025. Malgré leur mobilisation, ouvrier·es, élu·es et commerçant·es se retrouvent impuissant·es face aux choix stratégiques de grands groupes étrangers et au déclin industriel.', '', '', '', '', '', '', '', '', 'chapo', '', '', '', '', '', '', '', NULL, '', 2, 5),
(96, 'p', 'En arrivant aux Andelys, le site d’Europhane apparaît parmi les premiers bâtiments. Sur plus de 200 mètres, les hangars industriels et les ateliers longent la petite départementale. À l’intérieur de l’usine, des lignes de production attendent de déménager. La société d’éclairage public était la dernière industrie des Andelys, commune normande de 8 000 habitant·es. Elle sera bientôt délocalisée, sans doute en Serbie ou au Royaume-Uni.', '', '', '', '', '', '', '', '', 'corp_de_texte', '', '', '', '', '', '', '', NULL, '', 3, 5),
(97, 'h5', 'Un bassin d’emploi sinistré', '', '', '', '', '', '', '', '', '', '', '', '', '', '', '', '', NULL, '', 10, 5),
(98, 'p', 'En 25 ans, les différents plans de licenciement et de fermeture ont fait perdre plus de 600 emplois industriels aux Andelys. //« Le plus gros employeur de la ville, c’est la ville elle-même,// alerte Martine Séguéla, conseillère municipale d’opposition (PS).// Le deuxième, c’est Intermarché. »// L’élue s’inquiète de l’avenir économique de sa commune, dont la population a baissé de 1 100 habitant·es depuis 1999. Les croisières sur la Seine et le château Gaillard, bâtisse médiévale qui accueille 120 000 visiteur·euses par an, assurent une activité touristique indéniable. Mais ils ne suffisent pas à faire vivre tout le monde. ', '', '', '', '', '', '', '', '', 'corp_de_texte', '', '', '', '', '', '', '', NULL, '', 15, 5),
(99, 'h5', 'Des élu·es impuissant·es', '', '', '', '', '', '', '', '', '', '', '', '', '', '', '', '', NULL, '', 16, 5),
(101, 'h5', 'Lutter pour un départ décent', '', '', '', '', '', '', '', '', '', '', '', '', '', '', '', '', NULL, '', 22, 5),
(103, 'citation_texte', 'Dans le même temps, David-Alexandre Seiller doit établir le parcours de sa tournée avec le camion racheté à un boulanger ambulant de la Marne sur Leboncoin. Dans les villages dépourvus de commerces, L’Happy’cerie est accueillie à bras ouverts. Mais dès qu’un commerce fixe est installé dans le secteur, ça coince. //« Un seul maire s’est montré dubitatif parce qu’il y avait une épicerie dans le village d’à côté. Je lui ai répondu que pour les personnes sans voiture, c’était déjà trop loin »//, défend l’épicier. Alexandre Vallès, directeur de Mon P’tit camion, déplore qu’une //« mauvaise image colle à la peau des itinérants. On vit dans une société très sédentaire alors ça interroge. C’est aussi valable pour les clients »//.', '', '', '', '', '', 'Une mauvaise image colle à la peau des itinérants. On vit dans une société très sédentaire alors ça interroge. ', 'Alexandre Vallès', '', 'corp_de_texte', '', '', '', '', '', '', '', NULL, '', 13, 6),
(104, 'h5', 'Une gestion lourde', '', '', '', '', '', '', '', '', '', '', '', '', '', '', '', '', NULL, '', 14, 6),
(105, 'p', 'À 16 heures, le car scolaire dépose les enfants sur le parking au pied de l’église de Chemin, commune de 326 habitant·es. Certains parents attendent dans leurs voitures. Même après un an d’existence, ils jettent encore des regards intrigués vers le camping-car blanc et rose  poudré de l’Envolée beauté, le salon d’esthétique itinérant d’Alice Paris, qui stationne là une fois par semaine. //« Il faut que les gens me voient et osent rentrer. Mais une fois que c’est fait, ils reviennent. »// Au début, elle comptait beaucoup sur la clientèle de son ancien salon.  Désormais, elle accueille une nouvelle cliente presque chaque semaine. //« Les itinérants doivent convaincre de venir chez eux, encore plus que les commerces fixes. Et ça, ils doivent le faire à plusieurs endroits »//, explique le directeur de Mon P''tit camion.', '', '', '', '', '', '', '', '', 'corp_de_texte', '', '', '', '', '', '', '', NULL, '', 15, 6),
(106, 'texte_image', 'Une fois ses derniers soins prodigués, Alice Paris doit encore tout éteindre, nettoyer le camion, le ranger pour éviter qu’un produit ne tombe pendant le trajet. Dans un salon fixe, elle ne le ferait qu’en fin de journée. En itinérance, c’est à chaque arrêt : //« J’ai à peu près vingt minutes d’aménagement au début et à la fin de chaque demi-journée. »//', '', '', '', '', '', '', 'Alice Paris a été esthéticienne pendant 15 ans avant de devenir itinérante', ' Louise Pointin', 'corp_de_texte', '67654ec4a6e848.30223504.jpg', '', '', '', '', '', '', NULL, '', 16, 6),
(107, 'p', 'À cela s’ajoutent la route et la communication pour se faire connaître partout où elle se gare. //« Toute la gestion représente à peu près 40 % du temps d’un commerçant itinérant. C’est autant d’énergie qui n’est pas utilisée pour développer son activité. Ça prend d''autant plus de temps que les fonctions ne sont pas mutualisées. Ce sentiment d’isolement  peut décourager ou créer une frustration »//, analyse Alexandre Vallès.\r\n\r\nLeurs horaires, leurs produits et surtout une proximité avec leur clientèle : Alice Paris et David-Alexandre Seiller ont trouvé une vraie liberté dans cette nouvelle activité. Leurs commerces ne sont pas encore rentables mais ils se voient continuer longtemps. L’esthéticienne itinérante envisage de garer son salon d’esthétique dans des centres de rééducation ou des maisons de retraites de son secteur : //« J’aimerais leur apporter un petit moment de douceur dans leur semaine. »//', '', '', '', '', '', '', '', '', 'corp_de_texte', '', '', '', '', '', '', '', NULL, '', 17, 6),
(109, 'image', '', '', '', '', '', '', '', 'La verrerie était implantée dans la ville depuis 1921. ', 'Yanis Drouin', '', '67653f2761be62.92175608.jpg', '', '', '', '', '', '', NULL, '', 14, 5),
(113, 'titre_texte_image', 'La solution de l’itinérance commerciale a été évoquée une première fois par le Sénat en mars 2022 dans son rapport  //« Soutenir le commerce en milieu rural »//. Les sénateur·ices ont rediscuté du sujet  en mai 2023 lors d’un débat sur la France rurale. Depuis, aucune mesure n’a été prise. Les lieux polyvalents et les livraisons restent privilégiés pour remettre des commerces en zone rurale, selon le manifeste de Mon P’tit camion et Bière Truck. Seule l’Agence nationale de cohésion des territoires s’est emparée du sujet. En mars 2023, elle a proposé de subventionner l''achat d’un camion à hauteur de 20 000 euros. Un dispositif d’aide encore peu connu.', '', '', '', '', 'Les commerçant·es itinérant·es, les absent·es des politiques publiques', '', '', '', 'encadre', '67657b92d39c96.60118245.png', '', '', '', '', '', '', NULL, '', 19, 6),
(114, 'p', 'Face au recul des ventes de roquefort, les producteur·ices de lait de brebis sont de plus en plus dépendant·es de Lactalis. La stratégie commerciale du géant laitier assure un débouché aux éleveur·euses aveyronnais·es tout en fragilisant la production du roquefort.', '', '', '', '', '', '', '', '', 'chapo', '', '', '', '', '', '', '', NULL, '', 2, 9),
(115, 'p', '« Paysans, ne nous laissons pas traire », « Roquefort vache à lait de Lactalis, stop ! », « Société tu ne m’auras pas ». Le long de la départementale 999, à Saint-Rome-de-Cernon (Aveyron), les pancartes se fondent désormais dans le paysage. Une route cabossée s''enfonçant à travers champs débouche sur une ferme gardée par des chiens. Les aboiements cessent sur les ordres d’une voix au fort accent du sud. Cheveux grisonnants, jean et veste estampillée « Roquefort Société », Christian Cros produit du lait de brebis, mais pas n’importe lequel. Celui qui sert à fabriquer le premier fromage labellisé appellation d’origine, affiné dans des caves à une dizaine de kilomètres de là : le roquefort.\r\n', '', '', '', '', '', '', '', '', 'corp_de_texte', '', '', '', '', '', '', '', NULL, '', 3, 9),
(118, 'titre_texte_image', 'Le retour du loup dans les massifs français a entraîné le recrutement de nouvelles·aux gardien·nes de troupeaux. Avec lui, un contingent de salarié·es agricoles davantage éveillé·es sur leurs droits. En 2013, le premier Syndicat de gardien·nes de troupeaux (SGT) est créé à Grenoble (Isère). Six autres voient le jour de 2019 à 2024, cinq affiliés à la CGT, un à Sud Solidaires. Mais les reconversions incessantes, ainsi que le manque d’engagement de certain·es adhérent·es sont autant d’obstacles à la pérennisation de la lutte. Pour ces raisons, le SGT-CGT des Hautes-Pyrénées a entrepris le processus de dissolution de sa branche. Le SGT-CGT des Pyrénées-Atlantiques est quant à lui en sommeil. //« La plupart des membres ne sont plus gardiens de troupeaux. Il y a beaucoup de turnover dans le métier, donc quand il y a mobilisation, c’est par vague »//, explique Jessica Thomas, représentante de la deuxième antenne occitane.', '', '', '', '', 'Sur les septs syndicats créés depuis 2013, cinq sont encore actifs', '', '', '', 'encadre', '', '', '', '', '', '', '', NULL, '', 21, 4),
(119, 'audio_texte', 'De nombreux élu·es de la ville et le député de la circonscription sont venu·es à la rencontre des manifestant·es, le 8 novembre, à l’issue d’un défilé des ouvrier·es d’Europhane contre la fermeture. L’occasion pour ces dernier·es de pointer l’utilisation de luminaires étrangers dans une partie de la Ville à la place de la production locale. L’action a été suivie aussi par quelques commerçant·es inquiet·es, qui sont sorti·es sur le pas de leur porte au passage du cortège. //« Comment se mobiliser face à quelque chose contre lequel on est impuissant ?// s’interroge Romuald Renault, boulanger dépité par ces deux fermetures.// On est observateurs de ce qui se passe. »//', '', '', '', '', '« On s’est relevé pour eux, maintenant ils nous jettent »', '', '', 'Arthur Guillamo', 'corp_de_texte', '6764694d5bc052.86416430.jpg', '', '', '', '', '676588c35d8061.23683374.mp3', '', NULL, '', 18, 5),
(121, 'p', 'À l’usine, les ouvrier·es ont abandonné l’espoir de sauver l’entreprise. Alors ils et elles essaient au moins de la quitter dans de bonnes conditions. Si le groupe est tenu par les dispositions du Code du travail qui imposent de verser le minimum légal d’indemnités de licenciement, il est d’usage d’octroyer des aides supplémentaires, dites supra-légales. Les modalités et le montant de ces aides sont négociés entre les syndicats et la direction. //« Pour eux, si on nous donne une bonne supra-légale, ça va nous inciter à ne pas rechercher un travail tout de suite après le licenciement »//, fustige Catherine Petit, à Europhane depuis trente-sept ans.\r\n\r\nL’entreprise a proposé une prime de départ d’environ 8 000 euros à chaque salarié·e. Cette somme forfaitaire ne tient pas compte de l’ancienneté, trente-cinq ans en moyenne à Europhane. Un peu moins d’un euro par jour travaillé pour une majorité d’entre elles et eux. //« Tout ce qu’on réclame, c’est qu’on nous laisse partir dignement »//, résume Carole Valle, qui s’apprête à quitter l’entreprise après quasiment quarante ans de carrière. ', '', '', '', '', '', '', '', '', 'corp_de_texte', '', '', '', '', '', '', '', NULL, '', 23, 5),
(122, 'p', 'En plus de Marion, la création du SGT-CGT Cévennes a permis l’adhésion de trois nouveaux membres, basés dans l’Hérault, le Gard et en Lozère. De nouveaux porte-paroles pour le syndicat, en vue de potentielles négociations. Même si le dispositif est encore en rodage dans les Cévennes.', '', '', '', '', '', '', '', '', 'corp_de_texte', '', '', '', '', '', '', '', NULL, '', 12, 4),
(123, 'image_texte', 'Depuis son implantation en 1993, l’éleveur collabore avec la Société des caves qui, chaque jour, vient collecter son lait. La marque, plus connue sous le nom Société, est devenue en 1992 une filiale du géant français Lactalis, numéro un mondial du lait. Bien qu’associé à la firme, Christian Cros n’est pourtant pas en adéquation avec les valeurs du groupe qui détient 55 % de la production de roquefort.', '', '', '', '', '', '', 'Christian Cros est producteur de lait de brebis bio.', 'Ismérie Vergne', 'corp_de_texte', '67646cf2003225.76856858.jpg', '', '', '', '', '', '', NULL, '', 4, 9),
(124, 'p', 'Plus généralement, c’est tout le productivisme qui règne dans la filière qu’il remet en cause. //« Aujourd’hui c’est : du lait, du lait, du lait. Le savoir-faire ? Ils s’en foutent. Eux, ce qu’ils veulent, c’est pisser du lait »,// regrette le cinquantenaire avant de glisser sèchement : « //Si les anciens revenaient et qu’ils voyaient ce que les exploitations sont devenues, ils nous foutraient des baffes. »// ', '', '', '', '', '', '', '', '', 'corp_de_texte', '', '', '', '', '', '', '', NULL, '', 5, 9),
(125, 'p', 'Engagé au sein de la Confédération paysanne, un syndicat professionnel qui s’oppose à l’industrialisation de l’agriculture, Christian Cros plaide pour la sauvegarde d’un mode de production traditionnel. //« Nous, ce qu''on défend, ce sont des producteurs nombreux mais sûrs. Des fermes à taille humaine et un produit pour un territoire »//, soutient celui qui maintient son cheptel à 400 bêtes. En une vingtaine d’années, le territoire a changé de visage. Le nombre de fermes dans le bassin de Roquefort a diminué de moitié pour tomber à 1300. La raison ? Le départ de nombreux·ses exploitant·es ne se retrouvant plus dans le prix d’achat du lait pour le roquefort.', '', '', '', '', '', '', '', '', 'corp_de_texte', '', '', '', '', '', '', '', NULL, '', 7, 9),
(126, 'h5', 'Le prix du lait, au cœur des tensions\r\n', '', '', '', '', '', '', '', '', '', '', '', '', '', '', '', '', NULL, '', 6, 9),
(127, 'texte_image', 'À 30 kilomètres à l’ouest de Saint-Rome-de-Cernon, le paysage change brusquement. Le causse aride du Larzac laisse place à des collines moins accidentées et verdoyantes. Un bêlement incessant vient troubler la quiétude de ce début d’après-midi à Rebourguil (Aveyron). Le matin même, les brebis ont été séparées de leurs agneaux. « Ici on produit du lait de brebis pour Société, Lou Pérac, Salakis », peut-on lire sur le mur de la bergerie où les malheureuses cherchent leur progéniture.\r\n', '', '', '', '', '', '', '73 % du lait de brebis sert aux autres productions de Lactalis.', 'Ismérie Vergne', 'corp_de_texte', '676470fd2c4805.42044869.jpg', '', '', '', '', '', '', NULL, '', 8, 9),
(128, 'p', 'Une pancarte « offerte » par Lactalis. //« Ils nous font bien comprendre qu''on n''est pas que producteurs de roquefort »//, lance Maryline Bonnet, assise dans sa salle à manger. Depuis onze générations, la famille Bonnet travaille avec la Société des caves, comme aujourd’hui deux tiers des exploitant·es du bassin. Au fil des années, l’agricultrice a vu le pourcentage de son lait utilisé pour la production d’autres fromages grimper. Une situation subie par la famille qui ne se retrouve pas dans le volume de lait acheté au prix « roquefort ». \r\n', '', '', '', '', '', '', '', '', 'corp_de_texte', '', '', '', '', '', '', '', NULL, '', 9, 9),
(129, 'h5', 'La diversification, « une poule aux œufs d''or »  ', '', '', '', '', '', '', '', '', '', '', '', '', '', '', '', '', NULL, '', 10, 9),
(130, 'p', 'Le contrat signé entre les Bonnet et le fabricant prévoit une rémunération d’environ 1,25 euro par litre de lait destiné au roquefort. Or seul 27 % du lait produit dans leur exploitation sont destinés à la fabrication de ce fromage. Ce chiffre est le résultat de la politique menée par Lactalis. À titre de comparaison, les concurrents Papillon ou Gabriel Coulet, respectivement deuxième et quatrième producteurs de roquefort, maintiennent un taux autour de 65 %. \r\n\r\nLes 73 % restants, payés 20 centimes de moins, sont assignés à la « diversification ». Ce procédé permet de récupérer le « trop-plein »  de lait et de l’envoyer pour produire les autres fromages de lait de brebis affiliés à Lactalis, comme Salakis ou Lou Pérac. //« On s’efforce de faire de la qualité pour répondre à un cahier des charges lait cru exigeant qui est un garde-fou. Mais finalement, on fait tout ça pour que seulement un quart de notre lait serve à faire du lait cru. Tout le reste est pasteurisé pour la diversification. Je trouve que c''est dommage. Ça nous fait perdre un peu notre identité »//, regrette Maryline Bonnet.\r\n', '', '', '', '', '', '', '', '', 'corp_de_texte', '', '', '', '', '', '', '', NULL, '', 11, 9),
(132, 'p', '//« Même si on sait que notre lait fait autre chose, on fait tout pour qu’il soit “aopable”, qu''on le goûte bien. [...] Les gens sont très attachés à l''AOP parce qu''ici, dans nos territoires difficiles, on sait bien que c''est uniquement par un produit de qualité qu''on va arriver à s''en sortir. Nous, ce ne sont pas les volumes qui vont nous faire sortir de là. »//\r\n', '', '', '', '', '', '', '', '', 'corp_de_texte', '', '', '', '', '', '', '', NULL, '', 14, 9),
(133, 'image', '', '', '', '', '', '', '', 'Les camions de Lactalis déchargent la marchandise à l''usine de conditionnement de Roquefort-sur-Soulzon.', 'Ismérie Vergne', '', '6764729b71fc99.63137767.jpg', '', '', '', '', '', '', NULL, '', 15, 9),
(134, 'p', 'La famille Bonnet pourrait très bien changer de collaborateur·ices au bout de ses cinq ans de contrat mais dans les faits, c’est plus compliqué. Lactalis est l’un des seuls fabricants capables d’envoyer des camions de collecte jusque dans les fermes les plus reculées, pour des volumes parfois dérisoires. Une sécurité indéniable pour les producteur·ices.\r\n\r\nChristian Cros, qui perçoit la diversification comme //« une poule aux œufs d’or »// pour les industriels, partage ce constat : //« Avec notre syndicat, on l’a toujours dit, dès l’instant où l’on passera sous la barre des 50 % de transformation en roquefort, on est mort. Là, tous fabricants confondus, on est difficilement à 45 %. Et chaque année, le consommateur n''est pas là en face, donc on perd un peu de transformation en roquefort.» //', '', '', '', '', '', '', '', '', 'corp_de_texte', '', '', '', '', '', '', '', NULL, '', 16, 9),
(135, 'h5', 'Des ventes de roquefort en perte de vitesse', '', '', '', '', '', '', '', '', '', '', '', '', '', '', '', '', NULL, '', 17, 9),
(136, 'p', 'Depuis la fin des années 2000, la Confédération générale de Roquefort constate une érosion des ventes du « roi des fromages ». //« Les premières coupes budgétaires dans les paniers des ménages, ce sont les produits plus haut de gamme comme les AOP, dont fait partie le roquefort »//, analyse Jérôme Faramond, président de l''organisation qui réunit les sept derniers fabricants et les représentant·es des producteur·ices de lait de brebis autour d’un but commun : défendre et valoriser leur AOP. \r\n\r\nAvec le Covid, le recul des ventes s’est encore accéléré, menaçant l’écosystème de la filière. //« C’est le roquefort qui fait vivre le territoire. S’il y a une baisse, c''est tout le territoire qui en pâtit. Quand je dis aux producteurs “si on vend plus de roquefort, on sera tous mieux payés”, je vous garantis que tout le monde est d''accord. »// \r\n', '', '', '', '', '', '', '', '', 'corp_de_texte', '', '', '', '', '', '', '', NULL, '', 20, 9),
(138, 'p', 'Pour limiter la diversification et //« retrouver les vraies valeurs du roquefort »//, Christian Cros s’est lancé dans un nouveau projet. Il souhaite produire du roquefort fermier, directement sur son exploitation, ce que ne fait aucun fabricant aujourd’hui. //« Pour l’instant on est une poignée de producteurs à être partant. La première démarche a été d’écrire un règlement intérieur plus strict que le cahier des charges du roquefort. Il est déjà très bien, mais pour nous, il n''est pas suffisant parce qu''il nous faut des garde-fous »//, explique-t-il. \r\n\r\nSi l’idée est encore au stade embryonnaire, l’Aveyronnais a consulté la Société des caves qui serait prête à lui affiner ses fromages. Pour l’entreprise, commercialiser un produit fermier permettrait aussi //« de renforcer son image de marque et de donner au consommateur un gage de proximité »//, selon l’éleveur. En produisant son fromage à la ferme, Christian Cros espère remonter à 70 % le taux de son lait transformé en roquefort. Les 30 % restants pouvant être collectés par Société. Son message est simple : //« Il faut remettre le roquefort au cœur des caves. »//', '', '', '', '', '', '', '', '', 'corp_de_texte', '', '', '', '', '', '', '', NULL, '', 22, 9),
(140, 'titre_texte_image', 'Troisième fromage AOP le plus consommé en France, le roquefort est connu de New York à Tokyo. Pourtant, même dans l’Hexagone, rares sont ceux qui savent situer son lieu de fabrication. \r\n\r\nÀ Roquefort-sur-Soulzon (Aveyron), un projet d’aménagement touristique entend //« mettre le village de 300 habitant·es en adéquation avec la notoriété mondiale du produit »//, décrit Bernard Sirgue, maire de la commune depuis 1989. Il porte depuis 2012 Roquefort demain, qui prévoit l’inauguration d’un parking payant de 350 places, destiné à accueillir les touristes. Il sera relié par un ascenseur à la place de l’Église. Un musée sur le patrimoine local doit encore y sortir de terre. \r\nLe premier édile entend faire de sa commune, où un millier de travailleur·euses venu·es de la vallée se pressent chaque jour, un site touristique incontournable de l’Aveyron. Il nourrit l’espoir de rééditer la performance de 2004, quand l’inauguration du viaduc de Millau, à 20 kilomètres de là, avait drainé 400 000 visiteurs dans le village. Une jauge retombée à 120 000 en 2023.\r\n\r\nÉvalué à quatorze millions d’euros, le projet n’aurait pas été possible sans l’accord de Lactalis. Sa domination sur le marché s’étend aussi à tout Roquefort-sur-Soulzon, puisque la multinationale détient aujourd’hui 80 % du foncier du village industriel. //« Pour faire quelque chose à Roquefort, il faut avoir Lactalis avec soi. Vous ne pouvez rien faire sans eux »//, déplore-t-il. Et d''ajouter, //« avec ce projet c’est toute une filiale qui est servie mais Lactalis plus que les autres. »// Une aubaine pour le géant laitier : il est le seul fabricant à faire payer la visite de caves et possède l’un des rares restaurants du village, ouvert uniquement en haute saison.', '', '', '', '', 'Roquefort-sur-Soulzon, un village Lactalis', '', '', '', 'encadre', '', '', '', '', '', '', '', NULL, '', 23, 9),
(141, 'p', 'Face au déclin de l''Alsacien, les écoles ABCM ne baissent pas les bras. Dans les villages ruraux de la région, où la langue est très pratiquée, l’installation des classes est confrontée au manque de moyen et de soutien.', '', '', '', '', '', '', '', '', 'chapo', '', '', '', '', '', '', '', NULL, '', 1, 10),
(144, 'p', 'La commune aux 5 400 habitant·es, en Loire-Atlantique, compte 75 associations. Depuis les dernières élections municipales de 2020, la mairie s''appuie sur ce riche tissu pour renforcer le lien social. Reportage à Lâche tout, la Distri’ et au Café associatif plesséen. \r\n', '', '', '', '', '', '', '', '', 'chapo', '', '', '', '', '', '', '', NULL, '', 2, 11),
(145, 'p', 'Un étang, une église, une boulangerie et un cimetière. Le centre de Plessé se fond dans le paysage rural ordinaire. Rattachée à l''agglomération de Redon, la commune aux 5 400 habitant·es se situe à 40 kilomètres au nord-ouest de Nantes. En ce lundi de début décembre, les piéton·nes ont déserté les rues du centre-ville, qu’anime un ballet ininterrompu de voitures, camions et tracteurs. Le carrefour de la place du Lion d’Or est un passage obligé pour les routier·es rejoignant Guémené-Penfao, Guenrouet ou encore Avessac.', '', '', '', '', '', '', '', '', 'corp_de_texte', '', '', '', '', '', '', '', NULL, '', 3, 11);
INSERT INTO `bloc` (`id`, `type`, `texte`, `texte_1`, `texte_2`, `texte_3`, `texte_4`, `texte_titre`, `texte_citation`, `texte_legende`, `texte_credit`, `style`, `image`, `image_1`, `image_2`, `image_3`, `image_4`, `audio`, `video`, `infographie`, `alt`, `ordre`, `id_article`) VALUES
(146, 'p', 'Plessé a pourtant la réputation d’être //« un lieu qui bouge »//. Le club de football comptabilise 450 licencié·es, la médiathèque est encensée par les riverain·es et le PMU-restaurant l’Escapade est bondé à la pause déjeuner. S’ajoutent à ces enseignes typiques des bourgs, quatre tiers-lieux qui contribuent aussi au dynamisme et au renforcement du lien social entre les habitant·es.', '', '', '', '', '', '', '', '', 'corp_de_texte', '', '', '', '', '', '', '', NULL, '', 4, 11),
(147, 'h5', 'Vivre et travailler au sein d’une association agricole ', '', '', '', '', '', '', '', '', '', '', '', '', '', '', '', '', NULL, '', 5, 11),
(148, 'p', 'Dans un hangar éclairé par des guirlandes colorées, style guinguette, le marché de l’association agricole Lâche tout s’affaire, comme tous les mardis soir. Le collectif est implanté depuis 2020 sur les 16 hectares d’une ferme un peu isolée, au hameau du Dresny. //« Le projet est à la fois centré sur l’agriculture, pensé en lien avec la notion de sécurité sociale de l’alimentation, mais aussi la sécurité du logement »//, explique Ywé Iel, 57 ans. ', '', '', '', '', '', '', '', '', 'corp_de_texte', '', '', '', '', '', '', '', NULL, '', 6, 11),
(149, 'image_texte', 'Pour les maires qui gardent leur emploi, dégager du temps pour les relations publiques est plus difficile. Anne-Marie De Sousa est agent d’entretien hospitalier. À 61 ans, c’est son premier mandat en tant que maire de Brouvelieures. //« Je n’ai pas le temps d’être dans des commissions donc j’ai délégué. Je passe déjà beaucoup de temps à la mairie et quand j’ai des réunions, je planifie avec mon responsable ou je prends sur mes jours de repos. »// Débordée, elle a failli rendre son écharpe tricolore après la crise du Covid. Suivre des formations avec l’Association des maires des Vosges (AMV88) lui a donné des outils pour faire face à ses multiples responsabilités d’élue.', '', '', '', '', '', '', 'Anne-Marie De Sousa et Lionel Leclerc, respectivement maires de Brouvelieures et Mortagne, montent ensemble un projet. ', 'Lucie Campoy', 'corp_de_texte', '67652e77628a66.75338180.jpg', '', '', '', '', '', '', NULL, '', 13, 3),
(150, 'p', 'Trois des cinq membres de Lâche tout sont enfants d’agriculteur·ices, mais aucun n’avait exercé ce métier auparavant. //« On s’est formés en faisant. Pour le pain, je suis passé par l’Internationale boulangère mobilisée //[un réseau de boulanger·es professionnel·les ou amateur·ices engagé·es dans différentes luttes militantes et paysannes, qui a vu le jour en 2018 sur la ZAD de Notre-Dame-des-Landes, ndlr] //»//, explique Ywé Iel. ', '', '', '', '', '', '', '', '', 'corp_de_texte', '', '', '', '', '', '', '', NULL, '', 9, 11),
(151, 'h5', 'Consommer, c’est adhérer ', '', '', '', '', '', '', '', '', '', '', '', '', '', '', '', '', NULL, '', 13, 11),
(152, 'p', 'Lettres peintes en bordeaux sur une devanture blanche, la Distri’ est un autre lieu phare de Plessé. En plein bourg, à côté du stade, l’endroit est ouvert quatre jours par semaine. Sur le pas de la porte flotte un drapeau de la Palestine qui détonne au milieu de ces rues uniformes. Quelques tables en bois attendent le retour des beaux jours. Une petite caravane abrite des livres d’occasion à destination des plus jeunes. À travers la vitrine de la Distri’, une sélection de livres engagés trône sur un présentoir en métal. Ouvert en avril 2021, le lieu est à la fois une librairie, un bar, un atelier de mécanique et une cantine. \r\n', '', '', '', '', '', '', '', '', 'corp_de_texte', '', '', '', '', '', '', '', NULL, '', 15, 11),
(153, 'p', '//« On ne vient pas tous chercher la même chose. Pour moi, c''est ce qui en fait la richesse. On vient avec ce qu''on est »//, explique Éric, 71 ans, qui aide en cuisine ce mercredi. Juliette Hervouet, une adhérente qui gère la cantine, acquiesce. Arrivée il y a deux ans à Plessé, elle a d’abord fréquenté la Distri’ en visiteuse, avant d’en devenir une bénévole régulière. //« Au début, ça m''allait d''être simple consommatrice, puis j''ai été la petite main pour couper les légumes et ensuite j''ai voulu prendre un peu plus de responsabilités »//, raconte la jeune femme de 35 ans.', '', '', '', '', '', '', '', '', 'corp_de_texte', '', '', '', '', '', '', '', NULL, '', 20, 11),
(154, 'video', '', '', '', '', '', '', '', '', '', '', '67652f2abe7ed8.87830478.jpg', '', '', '', '', '', '', NULL, '', 2, 10),
(155, 'p', 'Au premier passage en caisse, on doit ajouter une cotisation à prix libre : on devient adhérent·e de la Distri’. //« Si on nous dit d''emblée qu''il faut absolument mettre la main à la pâte, ça peut mettre la pression, mais il faut quand même que les gens soient conscients que c''est un lieu 100 % bénévole. »// Ici, aucun.es salarié.es. Tel que rappelé sur son site internet, l’association trouve ses racines dans //« l’histoire anarchiste, les expériences autogestionnaires, le milieu punk, les mouvements d’éducation populaire et d’éducation nouvelle et les mouvements sociaux »//. ', '', '', '', '', '', '', '', '', 'corp_de_texte', '', '', '', '', '', '', '', NULL, '', 17, 11),
(156, 'h5', 'Un lieu clivant qui reçoit le soutien de la mairie', '', '', '', '', '', '', '', '', '', '', '', '', '', '', '', '', NULL, '', 21, 11),
(157, 'p', 'Si la Distri’ séduit les personnes en recherche de lieux militants, elle est aussi source de tensions. Certain·es commerçant·es dénoncent une concurrence déloyale, des riverain.es se plaignent du niveau sonore des événements ou de l’esprit militant du collectif. //« Tout le monde n’est pas à l’aise d’aller chez eux,// confie Christine Le Bihan, adjointe aux associations, à la citoyenneté, au sport et à la culture.// Pour autant, il faut des lieux comme ça. Ça apporte vraiment quelque chose. Au niveau social, cette association est indispensable. »//', '', '', '', '', '', '', '', '', 'corp_de_texte', '', '', '', '', '', '', '', NULL, '', 22, 11),
(158, 'p', '//« Mon rôle c’est de rassembler les gens et de fédérer les associations entre elles,// explique Christine Le Bihan.// C’est pas toujours facile, mais c’est agréable de voir qu’au moins six associations sont nées. »// Les initiatives citoyennes sont au cœur de la politique municipale, notamment grâce au système de gouvernance participative. Plusieurs comités consultatifs ont été mis en place, dans lesquels les Plesséen·nes sont invité·es à s’investir. Ce sont les VIP, les Volontaires impliqué·es à Plessé.', '', '', '', '', '', '', '', '', 'corp_de_texte', '', '', '', '', '', '', '', NULL, '', 25, 11),
(159, 'p', 'Le CAP se situe au Coudray, mais aussi au Dresny, où deux locaux ont été fournis gratuitement par la mairie en 2021. Durant leur campagne en 2020, les membres d’Osons Plessé avaient recueilli les souhaits des riverains pour leur quotidien. //« Il y avait une forte demande de tiers-lieu. Les gens avaient envie de se retrouver, d''avoir des événements et de passer du temps ensemble. On a donc facilité la mise en place des deux cafés »//, raconte Christine Le Bihan. Les deux CAP ne sont pas ouverts en même temps. Au Coudray, le café fonctionne les deux premières semaines de chaque mois et au Dresny ce sont les deux suivantes. ', '', '', '', '', '', '', '', '', 'corp_de_texte', '', '', '', '', '', '', '', NULL, '', 30, 11),
(160, 'h5', 'Faire collectif sans s’essouffler ', '', '', '', '', '', '', '', '', '', '', '', '', '', '', '', '', NULL, '', 31, 11),
(161, 'p', '//« Je ne tiens pas dans un canapé, il faut que je fasse des trucs »//, reconnaît d’un ton vif Olivier Berthelot, co-fondateur du CAP du Coudray, emmitouflé dans sa parka. //« En 2014, j’étais sur la liste pour les municipales, mais pas en 2020. Je voulais garder du temps. »// Depuis, l’élu en charge du sport a quitté son poste et Olivier Berthelot a accepté de lui succéder. //« Au final, ça me permet de faire la passerelle entre le café et la mairie. »//', '', '', '', '', '', '', '', '', 'corp_de_texte', '', '', '', '', '', '', '', NULL, '', 32, 11),
(162, 'p', 'Sur un tableau blanc, au-dessus des canapés, les prénoms des bénévoles sont inscrits au feutre vert. Depuis juin 2024, les effectifs se sont renouvelés. //« Ça permet de tourner parce que même si on n’est ouvert qu’une fois par semaine, mine de rien, il faut deux ou trois personnes par permanence »//, explique Olivier Berthelot. Une à deux personnes au bar et une autre pour animer les soirées qui rassemblent entre 20 et 80 personnes. Il faut accueillir les musicien·nes pour les concerts, présenter les règles d’un jeu de société ou encore servir les galettes bretonnes. //« Initialement, le CAP est un réseau d’amis. Aujourd’hui, les gens viennent d’eux-mêmes, on commence à être connus, notamment grâce aux journées du patrimoine agricole. »//', '', '', '', '', '', '', '', '', 'corp_de_texte', '', '', '', '', '', '', '', NULL, '', 37, 11),
(164, 'image', '', '', '', '', '', '', '', '', 'Amanda Marmillod', '', '67657e7a93a183.53041684.png', '', '', '', '', '', '', NULL, '', 21, 9),
(166, 'image_texte', 'Lucide, elle reconnaît tout de même l’importance de la diversification pour valoriser un lait que la production de roquefort, en baisse, ne peut plus absorber. Alors que son fils Yvan, 20 ans, va bientôt reprendre la ferme, la mère ne se voit pas arrêter de produire du lait pour le roquefort. ', '', '', '', '', '', '', '', 'Amanda Marmillod', 'corp_de_texte', '67657e3cdf6343.47937849.png', '', '', '', '', '', '', NULL, '', 13, 9),
(167, 'p', 'En vingt ans, Art en Sort est devenue un pilier culturel de la ville de Fécamp (Seine-Maritime) et de ses environs. L’association, qui compte plus de 200 adhérent·es, propose studios de répétitions, concerts, cours de musique, festivals et ateliers webradio. Une manière de réduire le fossé avec les grands centres urbains qui captent l’effervescence culturelle.', '', '', '', '', '', '', '', '', 'chapo', '', '', '', '', '', '', '', NULL, '', 1, 12),
(168, 'h3', 'Le poids de l''écharpe : fatigue chez les maires', '', '', '', '', '', '', '', '', '', '', '', '', '', '', '', '', NULL, '', 22, 3),
(169, 'p', 'Être maire en milieu rural est une responsabilité de tous les instants. Une mission chronophage et contraignante, difficile à concilier avec la vie personnelle et professionnelle. Certain·es élu·es choisissent de démissionner ou de ne pas se représenter à la fin de leur mandat. Les candidat·es au fauteuil de maire se font de plus en plus rares.', '', '', '', '', '', '', '', '', 'chapo', '', '', '', '', '', '', '', NULL, '', 23, 3),
(170, 'texte_image', 'La friche Holophane se trouve à cent mètres de sa boulangerie, qui fait aussi brasserie. Auparavant, les salarié·es y déjeunaient régulièrement, lui apportant 80 couverts par jour. Entre le Covid et les fermetures d’usines, il est passé d’une équipe de quatorze personnes à seulement quatre. Avec l’arrêt d’Europhane, il craint que cela n’empire. //« Il faut que la population soutienne les commerçants, on ne peut pas vivre juste du tourisme,// prévient-il.// On n’est pas une station balnéaire. »// Depuis un an, son chiffre d''affaires a baissé de 20 %.', '', '', '', '', '', '', 'Romuald Renault est installé dans sa boulangerie depuis sept ans.', 'Yanis Drouin', 'corp_de_texte', '676538efe8ccf9.36724388.jpg', '', '', '', '', '', '', NULL, '', 21, 5),
(172, 'p', 'Évidemment, il fait le parallèle avec Holophane, la verrerie voisine liquidée début 2024. Sur les 208 salarié·es, moins d’une centaine ont retrouvé un emploi. //« On voulait faire grève, mais ça ne servait à rien,// se souvient Bruno Fougeray.// On savait que ça allait fermer. »// Il a travaillé à la verrerie, comme presseur, dès l’âge de 18 ans. //« Holophane, je n’ai connu que ça. »// Aujourd’hui, le quadragénaire a toutes les peines à se faire embaucher dans ce qui est devenu un désert industriel. Christelle Reveillaud, s’attend à subir le même sort. //« Les prochaines villes où on pourrait trouver du travail c’est Rouen, Louviers, Évreux… »//, cite-t-elle. Jusqu’à 40 kilomètres de chez elle.', '', '', '', '', '', '', '', '', 'corp_de_texte', '', '', '', '', '', '', '', NULL, '', 13, 5),
(173, 'audio', '', '', '', '', '', 'Art en Sort, la culture bouillonne', '', '', '', '', '67657b38385a09.51107262.jpg', '', '', '', '', '67653b7dd88b59.04662502.mp3', '', NULL, '', 2, 12),
(174, 'carousel', 'Dans les locaux d’Art en Sort, bénévoles et salarié·es préparent la fête des vingt ans de l’association.', 'Mathieu Roussel est salarié de l’association Art en Sort depuis seize ans. Il est aussi batteur du groupe local Confort moderne.', 'Art en Sort organise aussi des ateliers webradio au collège Paul-Bert de Fécamp. Un petit groupe de 6**e** s’initie au direct.', 'Au collège Jules-Ferry de Fécamp, des élèves de 6**e** participent à un atelier webradio animé par Fabien Haudréchy, de l’association Art en Sort. Certains écrivent une chronique sur les plats de Noël.', '', '', '', '', 'Marie Starecki', '', '67657c07bdded9.57897575.jpg', '67657c07c22466.58346642.jpg', '67657c07c4e622.01318346.jpg', '67657c07c74ed2.79890349.jpg', '', '', '', NULL, '', 3, 12),
(175, 'p', 'Bonnet à rayures blanches et roses sur la tête, il tient le stand de pains. Avant de s’établir en terre plesséenne il y a un an, il a parcouru les routes pendant trois ans dans son « camion-maison ». Au total, cinq à six personnes vivent sur cette ferme, en caravane ou dans le local construit pour les personnes de passage. La parcelle appartient à l’association La résistouche, qui garantit l’esprit anticapitaliste du lieu sans interférer dans les usages que les membres de Lâche tout veulent en faire. Ce montage juridique est directement inspiré du réseau français Clip. //« La propriété est ainsi neutralisée »//, commente Ywé Iel.', '', '', '', '', '', '', '', '', 'corp_de_texte', '', '', '', '', '', '', '', NULL, '', 8, 11),
(176, 'citation', '', '', '', '', '', '', 'Un huissier est venu un jour et nous a dit de rouvrir, sans quoi il prendrait nos noms.', 'Hervé Delacour', '', '', '', '', '', '', '', '', '', NULL, '', 4, 5),
(177, 'image', '', '', '', '', '', '', '', 'Tous les mardis soirs, l''association Lâche tout ouvre ses portes pour le marché. ', 'Liza Hervy-Marquer', '', '67653d8e874fc9.76203205.jpg', '', '', '', '', '', '', NULL, '', 7, 11),
(178, 'p', 'Pendant trois semaines, les salarié·es ont tenu le piquet de grève, pour un résultat mitigé. //« On a eu l’impression d’être face à un mur »//, regrette Christelle Reveillaud, qui travaille à Europhane depuis trente-quatre ans. Les grévistes déplorent l’indifférence du propriétaire de l’entreprise, le groupe autrichien Zumtobel, qui affiche près de 60 millions d’euros de bénéfice net en 2023.', '', '', '', '', '', '', '', '', 'corp_de_texte', '', '', '', '', '', '', '', NULL, '', 5, 5),
(179, 'p', 'En plus du pain, l’association s’occupe du verger et brasse de la bière. Elle touche 5 000 euros d’aides de la Politique agricole commune (PAC) chaque année. Sur les tables, une grille affiche, pour chaque produit, trois tarifs distincts qui permettent de rémunérer les producteur·ices à 100 %, à 75 % et à 125 %. Une politique tarifaire engagée, pour permettre au plus grand nombre d’acheter leurs produits tout en contribuant à soutenir le projet. ', '', '', '', '', '', '', '', '', 'corp_de_texte', '', '', '', '', '', '', '', NULL, '', 12, 11),
(180, 'image', '', '', '', '', '', '', '', 'L''association Lâche tout produit 50 kilogrammes de pain par semaine, vendus le mardi soir à leur ferme.', 'Liza Hervy-Marquer', '', '67653f1cc943d6.95903259.jpg', '', '', '', '', '', '', NULL, '', 10, 11),
(182, 'p', 'Les femmes ne représentent que 29 % des agriculteur·ices. Machines, système de protection sociale… Dans ce secteur, tout est pensé pour les hommes. Pour réussir durablement, les agricultrices doivent reconsidérer leurs façons de travailler et aménager leur vie privée. Certaines choisissent de le faire au sein de groupes non-mixtes, pour échanger sans jugement. Immersion avec Parlons femmes à Châlons-en-Champagne, dans la Marne.', '', '', '', '', '', '', '', '', 'chapo', '', '', '', '', '', '', '', NULL, '', 1, 13),
(183, 'audio', '', '', '', '', '', 'Les agris cultivent le féminisme', '', '', '', '', '67654273876379.31106421.jpg', '', '', '', '', '67657b0d91db59.59665178.mp3', '', NULL, '', 2, 13),
(184, 'p', 'La mairie est partenaire de la Distri’ et lui verse une subvention annuelle, qui est passée de 550 euros en 2022 et 2023 à 1 000 euros en 2024. L’association a aussi signé une convention avec le centre communal d’action sociale qui s’engage à aider financièrement pour les repas. //« Leur cantine du mercredi, c’est une action sociale. Surtout qu’il y a beaucoup de gens pauvres dans la commune, de plus en plus »//, insiste l’adjointe à la maire. Cet engagement municipal s’est renforcé depuis l’entrée à la mairie des élu·es de la liste Osons Plessé lors des scrutins de 2020.', '', '', '', '', '', '', '', '', 'corp_de_texte', '', '', '', '', '', '', '', NULL, '', 24, 11),
(186, 'image', '', '', '', '', '', '', '', 'Les salarié·es d''Europhane ont fait grève pendant trois semaines pour s''opposer à la délocalisation de leur usine.', 'Yanis Drouin', '', '676542ef7ad7c7.53725693.jpg', '', '', '', '', '', '', NULL, '', 6, 5),
(187, 'p', '//« On a fait ce qu’on pouvait à notre niveau. On peut verrouiller les matières premières, les produits bruts…// énumère Hervé Delacour.// Et encore, un huissier est venu un jour et nous a dit de rouvrir, sans quoi il prendrait nos noms. »// Le quinquagénaire se doute qu’il aura des difficultés à rebondir, comme la majeure partie de ses collègues, dont la moyenne d’âge est de 54 ans.', '', '', '', '', '', '', '', '', 'corp_de_texte', '', '', '', '', '', '', '', NULL, '', 9, 5),
(190, 'image_citation', '', '', '', '', '', '', 'Mon rôle c''est de fédérer les associations entre elles', 'Christine Le Bihan, adjointe aux associations, à la citoyenneté, au sport et à la culture. © Liza Hervy-Marquer', '', '', '67655135a248e1.74424478.jpg', '', '', '', '', '', '', NULL, '', 23, 11),
(191, 'h3', 'Maternité : le like est dans le pré', '', '', '', '', '', '', '', '', '', '', '', '', '', '', '', '', NULL, '', 3, 13),
(192, 'p', 'Vous les avez peut-être déjà vues sur TikTok ou Instagram : ces agricultrices aux milliers d’abonné·es qui montrent leur facilité à concilier maternité et travail à la ferme. De quoi faire culpabiliser toutes celles qui galèrent.', '', '', '', '', '', '', '', '', 'chapo', '', '', '', '', '', '', '', NULL, '', 4, 13),
(193, 'p', 'Ensemble, élu·es et citoyen·nes travaillent sur les affaires courantes et bâtissent des projets précis. Une gouvernance qui porte ses fruits, selon Tanya Sinceretti, bénévole et co-présidente du Café associatif plesséen (CAP), du hameau du Coudray. //« Ce que la mairie a mis en place est vraiment bien. Souvent, il y a le programme et la réalité, mais là elle l’a vraiment fait. »//', '', '', '', '', '', '', '', '', 'corp_de_texte', '', '', '', '', '', '', '', NULL, '', 29, 11),
(194, 'p', 'Près de 21 000 communes françaises sont dépourvues de commerces. Dans le Jura, des initiatives visent à faciliter l’accès aux services pour les habitants des zones reculées. Épicerie, poste, boulangerie, espace de jeux : ces dispositifs mobiles ou fixes renforcent le lien social.', '', '', '', '', '', '', '', '', 'chapo', '', '', '', '', '', '', '', NULL, '', 4, 6),
(195, 'video', '', '', '', '', '', '', '', '', '', '', '67657fe63f65a2.37746243.jpg', '', '', '', '', '', '676591734c9736.88928726.mp4', NULL, '', 5, 6),
(196, 'image_citation', '', '', '', '', '', '', 'La vie c''est trop fun', 'i''m a believer', '', '', '676545e4304f06.69559904.jpeg', '', '', '', '', '', '', NULL, '', 3, 8),
(197, 'p', 'À 47 ans, ce père de trois enfants travaille à son compte en tant que chargé d’études de marché. Rattrapé par son engagement associatif, le quadragénaire court partout. Il aspire à diminuer le temps qu’il consacre au café. //« Au départ, je faisais un peu tout, mais là j’ai laissé la présidence. On copréside avec un camarade. »// Le lieu revendique pourtant un fonctionnement collégial. //« On n’était pas tous d’accord, mais moi je tenais à ce qu’il y ait une structure pour savoir qui fait quoi. Le but des coprésidents, c’est de chapeauter tous les pôles : la logistique, la trésorerie, la communication et la partie artistes. Finalement, la majorité a été pour »//, détaille Olivier Berthelot. ', '', '', '', '', '', '', '', '', 'corp_de_texte', '', '', '', '', '', '', '', NULL, '', 36, 11),
(198, 'p', 'Les Cafés programment des artistes locaux et commandent leurs boissons aux producteur·ices des alentours. Lâche tout, par exemple, fournit la bière. //« C’est une petite commune rurale donc on se connaît entre associations. Il y a du lien, mais il pourrait y en avoir plus »//, confie Olivier Berthelot. Au sein même des collectifs, certain·es sont conscient·es de la difficulté de réunir et mélanger toute une population. Une fois le constat fait qu’une forme d’entre-soi demeure, l’envie d’en sortir les encourage à trouver d’autres leviers pour mieux fédérer les habitant·es.', '', '', '', '', '', '', '', '', 'corp_de_texte', '', '', '', '', '', '', '', NULL, '', 39, 11),
(200, 'p', 'La Nièvre est l’un des départements les plus concernés par le développement de l’agrivoltaïsme. Un nouveau concept qui associe agriculture et production d’électricité grâce aux panneaux solaires. Souvent implantés sans concertation, ces parcs de plusieurs dizaines d’hectares attisent la colère de certain·es villageois·es. Leurs luttes rejoignent celles des agriculteur·ices fermement opposé·es à ces projets.', '', '', '', '', '', '', '', '', 'chapo', '', '', '', '', '', '', '', NULL, '', 1, 14),
(201, 'texte_citation', 'L’été esseulé·es en altitude avec leurs troupeaux, le reste de l’année embauché·es pour de la garde en flanc de colline ou de l’agnelage, les gardien·nes de troupeaux font la plupart du temps cavalier seul. Avec la création du SGT-CGT en Ariège en 2019 [la deuxième branche SGT après la création du syndicat d’Isère en 2013, peu actif de 2015 à 2022, ndlr], les branches syndicales ont commencé à organiser des rendez-vous annuels à travers le sud de la France.', '', '', '', '', '', 'Le fait de ne pas connaître ses collègues, c''est aussi un frein pour nous.', 'Marion, bergère de 33 ans', '', 'corp_de_texte', '', '', '', '', '', '', '', NULL, '', 9, 4),
(202, 'p', 'Le but est de rassembler le plus largement possible les acteur·ices d’un secteur dont il est difficile de quantifier le nombre, les gardien·nes de troupeaux étant classé·es sous le terme générique de « salarié·es agricoles ». L’enjeu du recensement des berger·es est primordial afin d’envisager le développement des antennes départementales.\r\n\r\nSelon le SGT-CGT, qui compte environ 100 adhérent·es, il y en aurait entre 1 000 et 5 000 en France. //« Le fait de ne pas connaître ses collègues, c''est aussi un frein pour nous. Mais grâce au bouche-à-oreille, je pense qu’on peut actionner les manettes pour savoir qui travaille où, et dans quelles conditions »//, indique Marion.', '', '', '', '', '', '', '', '', 'corp_de_texte', '', '', '', '', '', '', '', NULL, '', 10, 4),
(203, 'image', '', '', '', '', '', '', '', 'Olivier Berthelot, cofondateur du CAP, habite au Coudray depuis 2013.', 'Liza Hervy-Marquer', '', '67654818d29df2.56044575.jpg', '', '', '', '', '', '', NULL, '', 35, 11),
(205, 'audio', '', '', '', '', '', 'Déchets nocifs, villages réactifs', '', '', 'Lya Roisin-Pillot', '', '67659836e390b0.44066235.jpg', '', '', '', '', '6765497b44ee83.42345737.mp3', '', NULL, '', 7, 14),
(206, 'video', '', '', '', '', '', '', '', '', '', '', '67656801dac035.89448106.jpg', '', '', '', '', '', '6765909e1845d1.05882430.mp4', NULL, '', 2, 14),
(207, 'video', '', '', '', '', '', '', '', '', '', '', '67654d0ebde2a8.01198738.jpg', '', '', '', '', '', '', NULL, '', 24, 3),
(208, 'video', '', '', '', '', '', '', '', '', '', '', '67654d2ee98469.67398937.jpg', '', '', '', '', '', '', NULL, '', 18, 11),
(209, 'image', '', '', '', '', '', '', '', 'Jeudi 12 décembre 2024, les bénévoles du CAP du Coudray se sont réunies pour adopter la programmation jusqu''à juin 2025.', 'Liza Hervy-Marquer', '', '67654e5a8c5361.84186963.jpg', '', '', '', '', '', '', NULL, '', 38, 11),
(210, 'audio', '', '', '', '', '', 'Ép.1 Porter la voix des chasseur·euses', '', '', '', '', '67658fd08b21e5.56282761.jpg', '', '', '', '', '', '', NULL, '', 4, 15),
(212, 'audio', '', '', '', '', '', 'Ép.2 Représenter toute la ruralité', '', '', '', '', '67659012da23d6.19795748.jpg', '', '', '', '', '', '', NULL, '', 5, 15),
(213, 'audio', '', '', '', '', '', 'Ép.3 Passer l''arme à droite', '', '', '', '', '676590256cfce4.49397793.jpg', '', '', '', '', '', '', NULL, '', 6, 15),
(216, 'h3', 'Déchets nocifs, villages réactifs', '', '', '', '', '', '', '', '', '', '', '', '', '', '', '', '', NULL, '', 5, 14),
(217, 'p', 'Dans la Meuse, un stockage géologique de déchets nucléaires est en construction. Désastre ou opportunité ? Des opposant·es s’installent durablement sur ce territoire avec l’objectif de le défendre contre les risques industriels et la désertification. Mais localement, certain·es élu·es songent aux opportunités économiques pour leurs communes.', '', '', '', '', '', '', '', '', 'chapo', '', '', '', '', '', '', '', NULL, '', 6, 14),
(219, 'p', 'On le caricature parfois comme le « parti des chasseurs », des fans de battue et de galinette cendrée. Mais Chasse, pêche, nature et traditions, c’est un peu plus que ça.\r\n\r\nFondé en 1989, CPNT est au départ le parti de certain·es chasseur·euses, qui vont progressivement revendiquer la défense de l’ensemble des ruraux. Et trouver un écho politique : le parti décroche six sièges aux élections européennes de 1999 et remporte 4 % des suffrages à la présidentielle de 2002.\r\n\r\nDeux décennies plus tard, CPNT est devenu Le mouvement de la ruralité pour changer cette image de parti des chasseur·euses. Que nous dit son histoire de l’évolution des mondes ruraux ? D’ailleurs, peut-on représenter les habitant·es de ces territoires comme un ensemble uniforme ?\r\n\r\nCPNT : contre le déni de ruralité, c’est un podcast en trois volets, qui retrace l’histoire du parti. De son positionnement au sein du monde de la chasse à son parcours dans la vie politique française, en passant par sa volonté de représenter plus largement, tous les ruraux.', '', '', '', '', '', '', '', '', 'corp_de_texte', '', '', '', '', '', '', '', NULL, '', 3, 15),
(220, 'citation', '', '', '', '', '', '', 'Il y avait une forte demande de tiers-lieu. Les gens avaient envie de se retrouver.', 'Christine Le Bihan, adjointe à la maire', '', '', '', '', '', '', '', '', '', NULL, '', 28, 11),
(221, 'p', 'Les tentatives des élu·es pour sauver la dernière usine des Andelys n’ont pas été concluantes. //« La mairie s’est rendue dans l’entreprise pour discuter avec le représentant autrichien, qui nous a accueillis avec beaucoup d’antipathie »//, accuse la conseillère municipale. Les différentes lettres et motions adressées à Zumtobel sont restées sans réponse. Impuissante face au groupe basé à Dornbirn, à la frontière suisse, la mairie prépare désormais l’après. Elle projette un salon de l’emploi début 2025, à destination des victimes du plan de licenciement.', '', '', '', '', '', '', '', '', 'corp_de_texte', '', '', '', '', '', '', '', NULL, '', 17, 5),
(222, 'p', 'Créé pour défendre les chasseur·euses, le parti Chasse, pêche, nature et traditions a évolué depuis ses origines pour représenter la ruralité. Avec un discours qui appréhende les ruraux comme une communauté ayant des besoins similaires, mais qui ne fait pas le succès du mouvement, pour le moment.  ', '', '', '', '', '', '', '', '', 'chapo', '', '', '', '', '', '', '', NULL, '', 2, 15),
(223, 'image', '', '', '', '', '', '', '', '', 'Hanieh Zabetian', '', '676573800193e7.96068947.png', '', '', '', '', '', '', NULL, '', 24, 5),
(227, 'image', '', '', '', '', '', '', '', '', '', '', '676581160b6bc9.34614180.png', '', '', '', '', '', '', NULL, '', 20, 6),
(228, 'video', '', '', '', '', '', '', '', '', '', '', '676581a4f34c90.12093601.jpg', '', '', '', '', '', '676581a50fb800.25941101.mp4', NULL, '', 4, 8),
(229, 'titre_texte_image', 'La solution de l’itinérance commerciale a été évoquée une première fois par le Sénat en mars 2022 dans son rapport  //« Soutenir le commerce en milieu rural »//. Les sénateurs ont rediscuté du sujet  en mai 2023 lors d’un débat sur la France rurale. Depuis, aucune mesure n’a été prise. Les lieux polyvalents et les livraisons restent privilégiés pour remettre des commerces en zone rurale, selon le manifeste de Mon P’tit camion et Bière Truck. Seule l’agence nationale de cohésion des territoires s’est emparée du sujet. En mars 2023, elle a proposé de subventionner l''achat d’un camion à hauteur de 20 000 euros. Un dispositif d’aide encore peu connu.', '', '', '', '', 'Les commerçants itinérants, les absents des politiques publiques', '', '', '', 'encadre', '', '', '', '', '', '', '', NULL, '', 21, 6),
(232, 'video', '', '', '', '', '', '', '', '', '', '', '676584404c4c46.88185935.jpeg', '', '', '', '', '', '676584404db380.05689012.mp4', NULL, '', 5, 8),
(234, 'video', '', '', '', '', '', '', '', '', '', '', '', '', '', '', '', '', '', NULL, '', 6, 8),
(238, 'video', '', '', '', '', '', '', '', '', '', '', '', '', '', '', '', '', '', NULL, '', 5, 13),
(239, 'h3', '« C''est surtout de l''humain quoi »', '', '', '', '', '', '', '', '', '', '', '', '', '', '', '', '', NULL, '', 19, 11),
(240, 'citation_image', '', '', '', '', '', '', 'Il faut que la population soutienne les commerçants, on ne peut pas vivre juste du tourisme', '', '', '', '67658a70819602.79369699.jpg', '', '', '', '', '', '', NULL, 'Romuald Renault est installé dans sa boulangerie depuis sept', 20, 5),
(241, 'video', '', '', '', '', '', '', '', '', '', '', '67658c1f001e22.92308254.jpeg', '', '', '', '', '', '', NULL, '', 7, 8),
(242, 'video', '', '', '', '', '', '', '', '', '', '', '67658c296628c6.58962052.jpeg', '', '', '', '', '', '', NULL, '', 8, 8),
(243, 'video', '', '', '', '', '', '', '', '', '', '', '', '', '', '', '', '', '6765905bcd4604.55683563.mp4', NULL, '', 9, 8),
(244, 'citation', '', '', '', '', '', '', 'often expressed as the following**1** equation', '', '', '', '', '', '', '', '', '', '', NULL, '', 10, 8);

-- --------------------------------------------------------

--
-- Structure de la table `chapitre`
--

CREATE TABLE IF NOT EXISTS `chapitre` (
  `id_chapitre` int(11) NOT NULL auto_increment,
  `titre` varchar(60) NOT NULL,
  `chapo` text NOT NULL,
  `image` text NOT NULL,
  `alt` varchar(60) NOT NULL,
  PRIMARY KEY  (`id_chapitre`)
) ENGINE=InnoDB  DEFAULT CHARSET=latin1 AUTO_INCREMENT=5 ;

--
-- Contenu de la table `chapitre`
--

INSERT INTO `chapitre` (`id_chapitre`, `titre`, `chapo`, `image`, `alt`) VALUES
(1, 'Battre la campagne', 'Le monde rural se décline au pluriel. Défense d’un terroir, sauvegarde d’une langue régionale ou préservation de l’écosystème local… En ruralité, les populations se mobilisent pour conserver leur identité, quitte à tenir tête aux élu·es et aux industriels.', '6765984bb632d3.25971507.jpg', ''),
(2, 'Cultiver les liens ', 'En France, un tiers de la population réside en milieu rural. Des territoires souvent dépourvus de commerces ou de services publics. Élu·es, bénévoles et commerçant·es tentent de changer la donne mais se heurtent au manque de moyens et à des habitant·es pas toujours réceptif·ves. ', '6765981ea3ad36.35725560.jpg', ''),
(3, 'Irriguer la lutte ', 'Pour améliorer leurs conditions de travail, des berger·es montent un syndicat et des agricultrices isolées s’entraident. Ailleurs, des ouvrier·es s’inquiètent des fermetures d’usines dans des campagnes longtemps dépendantes du secteur industriel. ', '6765982e9155d9.57722978.jpg', ''),
(4, 'Test (pas touche)', 'zadefrgthy', '', '');

--
-- Contraintes pour les tables exportées
--

--
-- Contraintes pour la table `article`
--
ALTER TABLE `article`
  ADD CONSTRAINT `article_ibfk_1` FOREIGN KEY (`id_chapitre`) REFERENCES `chapitre` (`id_chapitre`);

--
-- Contraintes pour la table `bloc`
--
ALTER TABLE `bloc`
  ADD CONSTRAINT `bloc_ibfk_1` FOREIGN KEY (`id_article`) REFERENCES `article` (`id_article`);
